ReponseID,InspectionGUID,QuestionCode,Valeur,ValeurNumerique,Commentaire,DateEncodage,UtilisateurEncodage
a0000000-0000-4000-8000-000000000001,3f2a9c4e-7b1d-4e8a-9c2f-1a5b6d7e8f90,POT_001,VALIDE,,,2026-10-08T08:18:00Z,technicien.sol@example.com
a0000000-0000-4000-8000-000000000002,3f2a9c4e-7b1d-4e8a-9c2f-1a5b6d7e8f90,POT_002,VALIDE,,,2026-10-08T08:20:00Z,technicien.sol@example.com
a0000000-0000-4000-8000-000000000003,3f2a9c4e-7b1d-4e8a-9c2f-1a5b6d7e8f90,POT_003,VALIDE,,,2026-10-08T08:23:00Z,technicien.sol@example.com
a0000000-0000-4000-8000-000000000004,3f2a9c4e-7b1d-4e8a-9c2f-1a5b6d7e8f90,POT_004,AVANCEE,,Corrosion visible sur environ 10 cm a la base du mat,2026-10-08T08:26:00Z,technicien.sol@example.com
a0000000-0000-4000-8000-000000000005,3f2a9c4e-7b1d-4e8a-9c2f-1a5b6d7e8f90,POT_004_1,OUI,,,2026-10-08T08:27:00Z,technicien.sol@example.com
a0000000-0000-4000-8000-000000000006,3f2a9c4e-7b1d-4e8a-9c2f-1a5b6d7e8f90,POT_004_2_A,,6,,2026-10-08T08:30:00Z,technicien.sol@example.com
a0000000-0000-4000-8000-000000000007,3f2a9c4e-7b1d-4e8a-9c2f-1a5b6d7e8f90,POT_004_2_B,,4.5,,2026-10-08T08:31:00Z,technicien.sol@example.com
a0000000-0000-4000-8000-000000000008,3f2a9c4e-7b1d-4e8a-9c2f-1a5b6d7e8f90,POT_004_2_C,,25,,2026-10-08T08:31:00Z,technicien.sol@example.com
a0000000-0000-4000-8000-000000000009,3f2a9c4e-7b1d-4e8a-9c2f-1a5b6d7e8f90,POT_004_5,FAIT,,,2026-10-08T08:40:00Z,technicien.sol@example.com
a0000000-0000-4000-8000-000000000010,3f2a9c4e-7b1d-4e8a-9c2f-1a5b6d7e8f90,POT_005,VALIDE,,,2026-10-08T08:43:00Z,technicien.sol@example.com
a0000000-0000-4000-8000-000000000011,3f2a9c4e-7b1d-4e8a-9c2f-1a5b6d7e8f90,POT_006,VALIDE,,,2026-10-08T08:45:00Z,technicien.sol@example.com
a0000000-0000-4000-8000-000000000012,3f2a9c4e-7b1d-4e8a-9c2f-1a5b6d7e8f90,POT_007,FAIT,,,2026-10-08T08:47:00Z,technicien.sol@example.com
a0000000-0000-4000-8000-000000000013,3f2a9c4e-7b1d-4e8a-9c2f-1a5b6d7e8f90,POT_008,VALIDE,,,2026-10-08T08:50:00Z,technicien.sol@example.com
a0000000-0000-4000-8000-000000000014,3f2a9c4e-7b1d-4e8a-9c2f-1a5b6d7e8f90,POT_009,VALIDE,,,2026-10-08T08:53:00Z,technicien.sol@example.com
a0000000-0000-4000-8000-000000000015,3f2a9c4e-7b1d-4e8a-9c2f-1a5b6d7e8f90,POT_010B,NON,,,2026-10-08T08:58:00Z,technicien.sol@example.com
a0000000-0000-4000-8000-000000000016,3f2a9c4e-7b1d-4e8a-9c2f-1a5b6d7e8f90,POT_011,Aucune remarque complementaire,,,2026-10-08T09:00:00Z,technicien.sol@example.com
a0000000-0000-4000-8000-000000000017,8b4e1d2a-5c6f-4a7b-8e9d-0f1a2b3c4d5e,LUM_001,VALIDE,,,2026-10-08T10:35:00Z,technicien.nacelle@example.com
a0000000-0000-4000-8000-000000000018,8b4e1d2a-5c6f-4a7b-8e9d-0f1a2b3c4d5e,LUM_002,FAIT,,,2026-10-08T10:38:00Z,technicien.nacelle@example.com
a0000000-0000-4000-8000-000000000019,8b4e1d2a-5c6f-4a7b-8e9d-0f1a2b3c4d5e,LUM_003,FAIT,,,2026-10-08T10:41:00Z,technicien.nacelle@example.com
a0000000-0000-4000-8000-000000000020,c7d8e9f0-1a2b-4c3d-8e4f-5a6b7c8d9e0f,SYS_001,,,Acces impossible : vehicule stationne devant le portillon,2026-10-08T13:08:00Z,technicien.sol@example.com
