RuleID,Formulaire,QuestionSource,ConditionType,ConditionValeur,Action,QuestionCible
R001,LUMINAIRE,LUM_001,EQUALS,NON_PRESENT,COMMENT_OBLIGATOIRE,LUM_001
R002,LUMINAIRE,LUM_001,EQUALS,NON_PRESENT,MASQUER_FORMULAIRE,*
R100,POTEAU,POT_004,EQUALS,AVANCEE,AFFICHER,POT_004_1
R101,POTEAU,POT_004,EQUALS,AVANCEE,AFFICHER,POT_004_2_A
R102,POTEAU,POT_004,EQUALS,AVANCEE,AFFICHER,POT_004_2_B
R103,POTEAU,POT_004,EQUALS,AVANCEE,AFFICHER,POT_004_2_C
R110,POTEAU,POT_004,EQUALS,SEVERE,AFFICHER,POT_004_4
R120,POTEAU,POT_004_2_C,GREATER_THAN,30,AFFICHER,POT_004_3
R130,POTEAU,POT_010B,EQUALS,OUI,AFFICHER,POT_010B_A
R131,POTEAU,POT_010B,EQUALS,OUI,RENDRE_OBLIGATOIRE,POT_010B_A
