DecisionID,Date,Sujet,Decision
D001,2026-10-08,Formulaires,Poteau et Luminaire séparés
D002,2026-10-08,Photos,Compression configurable
D003,2026-10-08,Brouillons,Sauvegarde autorisée même incomplète
D004,2026-10-08,Soumission,Soumission uniquement si formulaire valide
D005,2026-10-08,Historique,Consultation autorisée en lecture seule
D006,2026-10-08,Inspection simultanée,Autorisée avec avertissement
D007,2026-10-08,Suppression,Aucune suppression autorisée archivage uniquement
D008,2026-10-08,App2,Validation chef de projet avant création des actions
D009,2026-10-08,Export,Export structuré Excel CSV ZIP plus photos
D029,2026-10-09,Ouvrages,Clé CleOuvrage (majuscules sans espaces) et dossiers par ouvrage avec rapport PDF + CSV (PAU-07)
D030,2026-10-09,Export,Export à la demande par période (CSV ; + Photos optionnel) dans 05_Exports - ZIP via Télécharger SharePoint
D031,2026-10-09,Hors connexion,File d envoi sur la tablette (20 max) - envoi automatique au retour du réseau - écran Envois
